insert into movie (movie_id, img_path, rating, title) values  ('11', '/6FfCtAuVAW8XJjZ7eWeLibRLWTw.jpg', 5, 'Star Wars');
insert into movie (movie_id, img_path, rating, title) values  ('181808', '/kOVEVeg59E0wsnXmF9nrh6OmWII.jpg', 5, 'Star Wars: The Last Jedi');
insert into movie (movie_id, img_path, rating, title) values  ('181812', '/db32LaOibwEliAmSL2jjDF6oDdj.jpg', 5, 'Star Wars: The Rise of Skywalker');
insert into movie (movie_id, img_path, rating, title) values  ('1893', '/6wkfovpn7Eq8dYNKaG5PY3q2oq6.jpg', 5, 'Star Wars: Episode I - The Phantom Menace');
insert into movie (movie_id, img_path, rating, title) values  ('1894', '/oZNPzxqM2s5DyVWab09NTQScDQt.jpg', 5, 'Star Wars: Episode II - Attack of the Clones');
insert into movie (movie_id, img_path, rating, title) values  ('1895', '/xfSAoBEm9MNBjmlNcDYLvLSMlnq.jpg', 5, 'Star Wars: Episode III - Revenge of the Sith');
insert into movie (movie_id, img_path, rating, title) values  ('330459', '/5jX3p0apUG5bkMHtnKZch0xpkBS.jpg', 5, 'Rogue One: A Star Wars Story');
insert into movie (movie_id, img_path, rating, title) values  ('106646', '/sOxr33wnRuKazR9ClHek73T8qnK.jpg', 5, 'The Wolf of Wall Street');
insert into movie (movie_id, img_path, rating, title) values  ('398978', '/mbm8k3GFhXS0ROd9AD1gqYbIFbM.jpg', 5, 'The Irishman');
insert into movie (movie_id, img_path, rating, title) values  ('769', '/6QMSLvU5ziIL2T6VrkaKzN2YkxK.jpg', 5, 'GoodFellas');
insert into movie (movie_id, img_path, rating, title) values  ('299534', '/ulzhLuWrPK07P1YkdWQLZnQh1JL.jpg', 5, 'Avengers: Endgame');
insert into movie (movie_id, img_path, rating, title) values  ('299536', '/7WsyChQLEftFiDOVTGkv3hFpyyt.jpg', 5, 'Avengers: Infinity War');
insert into movie (movie_id, img_path, rating, title) values  ('99861', '/4ssDuvEDkSArWEdyBl2X5EHvYKU.jpg', 5, 'Avengers: Age of Ultron');
insert into movie (movie_id, img_path, rating, title) values  ('24428', '/RYMX2wcKCBAr24UyPD7xwmjaTn.jpg', 5, 'The Avengers');
insert into movie (movie_id, img_path, rating, title) values  ('1726', '/78lPtwv72eTNqFW9COBYI0dWDJa.jpg', 5, 'Iron Man');
insert into movie (movie_id, img_path, rating, title) values  ('10138', '/6WBeq4fCfn7AN0o21W9qNcRF2l9.jpg', 5, 'Iron Man 2');
insert into movie (movie_id, img_path, rating, title) values  ('68721', '/qhPtAc1TKbMPqNvcdXSOn9Bn7hZ.jpg', 5, 'Iron Man 3');
insert into movie (movie_id, img_path, rating, title) values  ('1771', '/vSNxAJTlD0r02V9sPYpOjqDZXUK.jpg', 5, 'Captain America: The First Avenger');
insert into movie (movie_id, img_path, rating, title) values  ('271110', '/rAGiXaUfPzY7CDEyNKUofk3Kw2e.jpg', 5, 'Captain America: Civil War');
insert into movie (movie_id, img_path, rating, title) values  ('100402', '/tVFRpFw3xTedgPGqxW0AOI8Qhh0.jpg', 5, 'Captain America: The Winter Soldier');
insert into movie (movie_id, img_path, rating, title) values  ('315635', '/c24sv2weTHPsmDa7jEMN0m2P3RT.jpg', 5, 'Spider-Man: Homecoming');
insert into movie (movie_id, img_path, rating, title) values  ('429617', '/4q2NNj4S5dG2RLF9CpXsej7yXl.jpg', 5, 'Spider-Man: Far from Home');
insert into movie (movie_id, img_path, rating, title) values  ('557', '/gh4cZbhZxyTbgxQPxD0dOudNPTn.jpg', 5, 'Spider-Man');
insert into movie (movie_id, img_path, rating, title) values  ('559', '/sqZKCRYGovZ8aN99VVJSdL8Ja9k.jpg', 5, 'Spider-Man 3');
insert into movie (movie_id, img_path, rating, title) values  ('558', '/olxpyq9kJAZ2NU1siLshhhXEPR7.jpg', 5, 'Spider-Man 2');
insert into movie (movie_id, img_path, rating, title) values  ('324857', '/iiZZdoQBEYBv6id8su7ImL0oCbD.jpg', 5, 'Spider-Man: Into the Spider-Verse');
insert into movie (movie_id, img_path, rating, title) values  ('9741', '/mLuehrGLiK5zFCyRmDDOH6gbfPf.jpg', 5, 'Unbreakable');
insert into movie (movie_id, img_path, rating, title) values  ('381288', '/bqb9WsmZmDIKxqYmBJ9lj7J6hzn.jpg', 5, 'Split');
insert into movie (movie_id, img_path, rating, title) values  ('450465', '/svIDTNUoajS8dLEo7EosxvyAsgJ.jpg', 5, 'Glass');
insert into movie (movie_id, img_path, rating, title) values  ('474350', '/zfE0R94v1E8cuKAerbskfD3VfUt.jpg', 5, 'It Chapter Two');
insert into movie (movie_id, img_path, rating, title) values  ('346364', '/9E2y5Q7WlCVNEhP5GiVTjhEhx1o.jpg', 5, 'It');
insert into movie (movie_id, img_path, rating, title) values  ('530915', '/iZf0KyrE25z1sage4SYFLCCrMi9.jpg', 5, '1917');
insert into movie (movie_id, img_path, rating, title) values  ('570670', '/5EufsDwXdY2CVttYOk2WtYhgKpa.jpg', 5, 'The Invisible Man');
insert into movie (movie_id, img_path, rating, title) values  ('615667', '/pvtyxijaBrCSbByXLcUIDDSvc40.jpg', 5, 'Ma Raineys Black Bottom');
insert into movie (movie_id, img_path, rating, title) values  ('595671', '/7yiSyQhhjTFphhfCUcn05tCQxyG.jpg', 5, 'Never Rarely Sometimes Always');
insert into movie (movie_id, img_path, rating, title) values  ('508442', '/hm58Jw4Lw8OIeECIq5qyPYhAeRJ.jpg', 5, 'Soul');
insert into movie (movie_id, img_path, rating, title) values  ('581734', '/eYMeV0DQuAkugB3TVBZBe2rEXka.jpg', 5, 'Nomadland');
insert into movie (movie_id, img_path, rating, title) values  ('556574', '/h1B7tW0t399VDjAcWJh8m87469b.jpg', 5, 'Hamilton');
insert into movie (movie_id, img_path, rating, title) values  ('661914', '/rVlfr9nkOpsvAvL7ngfYRaQvQgY.jpg', 5, 'One Night in Miami...');
insert into movie (movie_id, img_path, rating, title) values  ('502033', '/y89kFMNYXNKMdlZjR2yg7nQtcQH.jpg', 5, 'Sound of Metal');
insert into movie (movie_id, img_path, rating, title) values  ('284054', '/uxzzxijgPIY7slzFvMotPv8wjKA.jpg', 5, 'Black Panther');
insert into movie (movie_id, img_path, rating, title) values  ('496243', '/7IiTTgloJzvGI1TAYymCfbfl3vT.jpg', 5, 'Parasite');
insert into movie (movie_id, img_path, rating, title) values  ('546554', '/pThyQovXQrw2m0s9x82twj48Jq4.jpg', 5, 'Knives Out');
insert into movie (movie_id, img_path, rating, title) values  ('458723', '/ux2dU1jQ2ACIMShzB3yP93Udpzc.jpg', 5, 'Us');
insert into movie (movie_id, img_path, rating, title) values  ('419430', '/tFXcEccSQMf3lfhfXKSU9iRBpa3.jpg', 5, 'Get Out');
insert into movie (movie_id, img_path, rating, title) values  ('301528', '/w9kR8qbmQ01HwnvK4alvnQ2ca0L.jpg', 5, 'Toy Story 4');
insert into movie (movie_id, img_path, rating, title) values  ('391713', '/iySFtKLrWvVzXzlFj7x1zalxi5G.jpg', 5, 'Lady Bird');
insert into movie (movie_id, img_path, rating, title) values  ('15', '/sav0jxhqiH0bPr2vZFU0Kjt2nZL.jpg', 5, 'Citizen Kane');
insert into movie (movie_id, img_path, rating, title) values  ('353081', '/AkJQpZp9WoNdj7pLYSj1L0RcMMN.jpg', 5, 'Mission: Impossible - Fallout');
insert into movie (movie_id, img_path, rating, title) values  ('630', '/pfAZFD7I2hxW9HCChTuAzsdE6UX.jpg', 5, 'The Wizard of Oz');
insert into movie (movie_id, img_path, rating, title) values  ('118', '/wfGfxtBkhBzQfOZw4S8IQZgrH0a.jpg', 5, 'Charlie and the Chocolate Factory');


insert into users ( auth_type, email, enabled, name, password) values ('LOCAL', 'test1@test.com',true, 'name1', '$2y$12$LIVFSQuTmR4atGqLeobaf.UUfK/.XRMrE.rolBNujgUWQ3gj9vTYK');
insert into users ( auth_type, email, enabled, name, password) values ('LOCAL', 'test2@test.com',true, 'name2', '$2y$12$LIVFSQuTmR4atGqLeobaf.UUfK/.XRMrE.rolBNujgUWQ3gj9vTYK');
insert into users ( auth_type, email, enabled, name, password) values ('LOCAL', 'test3@test.com',true, 'name3', '$2y$12$LIVFSQuTmR4atGqLeobaf.UUfK/.XRMrE.rolBNujgUWQ3gj9vTYK');
insert into users ( auth_type, email, enabled, name, password) values ('LOCAL', 'test4@test.com',true, 'name4', '$2y$12$LIVFSQuTmR4atGqLeobaf.UUfK/.XRMrE.rolBNujgUWQ3gj9vTYK');
insert into users ( auth_type, email, enabled, name, password) values ('LOCAL', 'test5@test.com',true, 'name5', '$2y$12$LIVFSQuTmR4atGqLeobaf.UUfK/.XRMrE.rolBNujgUWQ3gj9vTYK');
insert into users ( auth_type, email, enabled, name, password) values ('LOCAL', 'test6@test.com',true, 'name6', '$2y$12$LIVFSQuTmR4atGqLeobaf.UUfK/.XRMrE.rolBNujgUWQ3gj9vTYK');
insert into users ( auth_type, email, enabled, name, password) values ('LOCAL', 'test7@test.com',true, 'name7', '$2y$12$LIVFSQuTmR4atGqLeobaf.UUfK/.XRMrE.rolBNujgUWQ3gj9vTYK');
insert into users ( auth_type, email, enabled, name, password) values ('LOCAL', 'test8@test.com',true, 'name8', '$2y$12$LIVFSQuTmR4atGqLeobaf.UUfK/.XRMrE.rolBNujgUWQ3gj9vTYK');
insert into users ( auth_type, email, enabled, name, password) values ('LOCAL', 'test9@test.com',true, 'name9', '$2y$12$LIVFSQuTmR4atGqLeobaf.UUfK/.XRMrE.rolBNujgUWQ3gj9vTYK');
insert into users ( auth_type, email, enabled, name, password) values ('LOCAL', 'test10@test.com',true, 'name10', '$2y$12$LIVFSQuTmR4atGqLeobaf.UUfK/.XRMrE.rolBNujgUWQ3gj9vTYK');
insert into users ( auth_type, email, enabled, name, password) values ('LOCAL', 'test11@test.com',true, 'name11', '$2y$12$LIVFSQuTmR4atGqLeobaf.UUfK/.XRMrE.rolBNujgUWQ3gj9vTYK');
insert into users ( auth_type, email, enabled, name, password) values ('LOCAL', 'test12@test.com',true, 'name12', '$2y$12$LIVFSQuTmR4atGqLeobaf.UUfK/.XRMrE.rolBNujgUWQ3gj9vTYK');
insert into users ( auth_type, email, enabled, name, password) values ('LOCAL', 'test13@test.com',true, 'name13', '$2y$12$LIVFSQuTmR4atGqLeobaf.UUfK/.XRMrE.rolBNujgUWQ3gj9vTYK');
insert into users ( auth_type, email, enabled, name, password) values ('LOCAL', 'test14@test.com',true, 'name14', '$2y$12$LIVFSQuTmR4atGqLeobaf.UUfK/.XRMrE.rolBNujgUWQ3gj9vTYK');
insert into users ( auth_type, email, enabled, name, password) values ('LOCAL', 'test15@test.com',true, 'name15', '$2y$12$LIVFSQuTmR4atGqLeobaf.UUfK/.XRMrE.rolBNujgUWQ3gj9vTYK');

insert into rating (rating, movie_id, user_id) values (4,'11',1);
insert into rating (rating, movie_id, user_id) values (3,'181808',1);
insert into rating (rating, movie_id, user_id) values (3,'181812',1);
insert into rating (rating, movie_id, user_id) values (4,'1893',1);
insert into rating (rating, movie_id, user_id) values (4,'1894',1);
insert into rating (rating, movie_id, user_id) values (5,'1895',1);
insert into rating (rating, movie_id, user_id) values (5,'330459',1);
insert into rating (rating, movie_id, user_id) values (5,'24428',1);
insert into rating (rating, movie_id, user_id) values (4,'99861',1);
insert into rating (rating, movie_id, user_id) values (5,'1726',1);
insert into rating (rating, movie_id, user_id) values (4,'10138',1);
insert into rating (rating, movie_id, user_id) values (5,'271110',1);
insert into rating (rating, movie_id, user_id) values (4,'315635',1);
insert into rating (rating, movie_id, user_id) values (5,'557',1);
insert into rating (rating, movie_id, user_id) values (4,'559',1);
insert into rating (rating, movie_id, user_id) values (3,'558',1);
insert into rating (rating, movie_id, user_id) values (5,'530915',1);
insert into rating (rating, movie_id, user_id) values (3,'570670',1);
insert into rating (rating, movie_id, user_id) values (1,'615667',1);
insert into rating (rating, movie_id, user_id) values (2,'595671',1);
insert into rating (rating, movie_id, user_id) values (4,'581734',1);
insert into rating (rating, movie_id, user_id) values (1,'556574',1);
insert into rating (rating, movie_id, user_id) values (3,'661914',1);
insert into rating (rating, movie_id, user_id) values (4,'284054',1);
insert into rating (rating, movie_id, user_id) values (4,'630',1);
insert into rating (rating, movie_id, user_id) values (5,'118',1);

insert into rating (rating, movie_id, user_id) values (5,'1893',2);
insert into rating (rating, movie_id, user_id) values (4,'1894',2);
insert into rating (rating, movie_id, user_id) values (4,'1895',2);
insert into rating (rating, movie_id, user_id) values (4,'330459',2);
insert into rating (rating, movie_id, user_id) values (4,'1726',2);
insert into rating (rating, movie_id, user_id) values (2,'10138',2);
insert into rating (rating, movie_id, user_id) values (3,'68721',2);
insert into rating (rating, movie_id, user_id) values (2,'100402',2);
insert into rating (rating, movie_id, user_id) values (3,'557',2);
insert into rating (rating, movie_id, user_id) values (4,'559',2);
insert into rating (rating, movie_id, user_id) values (1,'558',2);
insert into rating (rating, movie_id, user_id) values (5,'9741',2);
insert into rating (rating, movie_id, user_id) values (3,'450465',2);
insert into rating (rating, movie_id, user_id) values (3,'346364',2);
insert into rating (rating, movie_id, user_id) values (4,'570670',2);
insert into rating (rating, movie_id, user_id) values (3,'595671',2);
insert into rating (rating, movie_id, user_id) values (5,'508442',2);
insert into rating (rating, movie_id, user_id) values (4,'284054',2);
insert into rating (rating, movie_id, user_id) values (4,'546554',2);
insert into rating (rating, movie_id, user_id) values (5,'301528',2);
insert into rating (rating, movie_id, user_id) values (4,'353081',2);
insert into rating (rating, movie_id, user_id) values (5,'118',2);
insert into rating (rating, movie_id, user_id) values (4,'630',2);
insert into rating (rating, movie_id, user_id) values (3,'556574',2);

insert into rating (rating, movie_id, user_id) values (4,'557',3);
insert into rating (rating, movie_id, user_id) values (2,'558',3);
insert into rating (rating, movie_id, user_id) values (1,'559',3);
insert into rating (rating, movie_id, user_id) values (4,'315635',3);
insert into rating (rating, movie_id, user_id) values (5,'429617',3);
insert into rating (rating, movie_id, user_id) values (5,'24428',3);
insert into rating (rating, movie_id, user_id) values (5,'106646',3);
insert into rating (rating, movie_id, user_id) values (3,'1893',3);
insert into rating (rating, movie_id, user_id) values (4,'1894',3);
insert into rating (rating, movie_id, user_id) values (4,'9741',3);
insert into rating (rating, movie_id, user_id) values (5,'381288',3);
insert into rating (rating, movie_id, user_id) values (2,'450465',3);
insert into rating (rating, movie_id, user_id) values (3,'346364',3);
insert into rating (rating, movie_id, user_id) values (4,'474350',3);
insert into rating (rating, movie_id, user_id) values (2,'11',3);
insert into rating (rating, movie_id, user_id) values (4,'530915',3);
insert into rating (rating, movie_id, user_id) values (2,'615667',3);
insert into rating (rating, movie_id, user_id) values (4,'661914',3);
insert into rating (rating, movie_id, user_id) values (3,'508442',3);
insert into rating (rating, movie_id, user_id) values (4,'502033',3);
insert into rating (rating, movie_id, user_id) values (5,'284054',3);
insert into rating (rating, movie_id, user_id) values (5,'496243',3);
insert into rating (rating, movie_id, user_id) values (5,'458723',3);
insert into rating (rating, movie_id, user_id) values (5,'419430',3);
insert into rating (rating, movie_id, user_id) values (4,'353081',3);

insert into rating (rating, movie_id, user_id) values (3,'106646',4);
insert into rating (rating, movie_id, user_id) values (4,'398978',4);
insert into rating (rating, movie_id, user_id) values (5,'769',4);
insert into rating (rating, movie_id, user_id) values (3,'9741',4);
insert into rating (rating, movie_id, user_id) values (2,'381288',4);
insert into rating (rating, movie_id, user_id) values (1,'450465',4);
insert into rating (rating, movie_id, user_id) values (3,'474350',4);
insert into rating (rating, movie_id, user_id) values (4,'330459',4);
insert into rating (rating, movie_id, user_id) values (2,'1893',4);
insert into rating (rating, movie_id, user_id) values (3,'1894',4);
insert into rating (rating, movie_id, user_id) values (3,'1895',4);
insert into rating (rating, movie_id, user_id) values (3,'1726',4);
insert into rating (rating, movie_id, user_id) values (2,'1771',4);
insert into rating (rating, movie_id, user_id) values (2,'11',4);
insert into rating (rating, movie_id, user_id) values (3,'99861',4);
insert into rating (rating, movie_id, user_id) values (4,'570670',4);
insert into rating (rating, movie_id, user_id) values (2,'615667',4);
insert into rating (rating, movie_id, user_id) values (5,'508442',4);
insert into rating (rating, movie_id, user_id) values (5,'581734',4);
insert into rating (rating, movie_id, user_id) values (4,'661914',4);
insert into rating (rating, movie_id, user_id) values (3,'284054',4);
insert into rating (rating, movie_id, user_id) values (5,'496243',4);
insert into rating (rating, movie_id, user_id) values (3,'546554',4);
insert into rating (rating, movie_id, user_id) values (5,'458723',4);
insert into rating (rating, movie_id, user_id) values (4,'419430',4);

insert into rating (rating, movie_id, user_id) values (5,'1726',5);
insert into rating (rating, movie_id, user_id) values (5,'10138',5);
insert into rating (rating, movie_id, user_id) values (4,'10138',5);
insert into rating (rating, movie_id, user_id) values (5,'299534',5);
insert into rating (rating, movie_id, user_id) values (5,'299536',5);
insert into rating (rating, movie_id, user_id) values (5,'99861',5);
insert into rating (rating, movie_id, user_id) values (5,'24428',5);
insert into rating (rating, movie_id, user_id) values (3,'1771',5);
insert into rating (rating, movie_id, user_id) values (5,'271110',5);
insert into rating (rating, movie_id, user_id) values (5,'100402',5);
insert into rating (rating, movie_id, user_id) values (3,'315635',5);
insert into rating (rating, movie_id, user_id) values (5,'429617',5);
insert into rating (rating, movie_id, user_id) values (5,'557',5);
insert into rating (rating, movie_id, user_id) values (1,'559',5);
insert into rating (rating, movie_id, user_id) values (5,'558',5);
insert into rating (rating, movie_id, user_id) values (5,'508442',5);
insert into rating (rating, movie_id, user_id) values (3,'556574',5);
insert into rating (rating, movie_id, user_id) values (5,'284054',5);
insert into rating (rating, movie_id, user_id) values (4,'546554',5);
insert into rating (rating, movie_id, user_id) values (5,'301528',5);
insert into rating (rating, movie_id, user_id) values (2,'15',5);
insert into rating (rating, movie_id, user_id) values (4,'353081',5);
insert into rating (rating, movie_id, user_id) values (4,'630',5);
insert into rating (rating, movie_id, user_id) values (5,'118',5);

insert into rating (rating, movie_id, user_id) values (5,'1726',6);
insert into rating (rating, movie_id, user_id) values (4,'10138',6);
insert into rating (rating, movie_id, user_id) values (5,'68721',6);
insert into rating (rating, movie_id, user_id) values (5,'1771',6);
insert into rating (rating, movie_id, user_id) values (5,'271110',6);
insert into rating (rating, movie_id, user_id) values (3,'100402',6);
insert into rating (rating, movie_id, user_id) values (5,'315635',6);
insert into rating (rating, movie_id, user_id) values (5,'429617',6);
insert into rating (rating, movie_id, user_id) values (1,'769',6);
insert into rating (rating, movie_id, user_id) values (2,'106646',6);
insert into rating (rating, movie_id, user_id) values (3,'398978',6);
insert into rating (rating, movie_id, user_id) values (5,'557',6);
insert into rating (rating, movie_id, user_id) values (5,'559',6);
insert into rating (rating, movie_id, user_id) values (5,'558',6);
insert into rating (rating, movie_id, user_id) values (5,'530915',6);
insert into rating (rating, movie_id, user_id) values (3,'570670',6);
insert into rating (rating, movie_id, user_id) values (2,'615667',6);
insert into rating (rating, movie_id, user_id) values (2,'595671',6);
insert into rating (rating, movie_id, user_id) values (3,'284054',6);
insert into rating (rating, movie_id, user_id) values (4,'546554',6);
insert into rating (rating, movie_id, user_id) values (4,'458723',6);
insert into rating (rating, movie_id, user_id) values (4,'419430',6);
insert into rating (rating, movie_id, user_id) values (4,'353081',6);
insert into rating (rating, movie_id, user_id) values (2,'630',6);

insert into rating (rating, movie_id, user_id) values (2,'11',7);
insert into rating (rating, movie_id, user_id) values (3,'181808',7);
insert into rating (rating, movie_id, user_id) values (4,'330459',7);
insert into rating (rating, movie_id, user_id) values (4,'106646',7);
insert into rating (rating, movie_id, user_id) values (5,'398978',7);
insert into rating (rating, movie_id, user_id) values (5,'769',7);
insert into rating (rating, movie_id, user_id) values (4,'9741',7);
insert into rating (rating, movie_id, user_id) values (4,'381288',7);
insert into rating (rating, movie_id, user_id) values (5,'450465',7);
insert into rating (rating, movie_id, user_id) values (4,'474350',7);
insert into rating (rating, movie_id, user_id) values (5,'346364',7);
insert into rating (rating, movie_id, user_id) values (3,'530915',7);
insert into rating (rating, movie_id, user_id) values (1,'570670',7);
insert into rating (rating, movie_id, user_id) values (1,'595671',7);
insert into rating (rating, movie_id, user_id) values (2,'556574',7);
insert into rating (rating, movie_id, user_id) values (3,'661914',7);
insert into rating (rating, movie_id, user_id) values (4,'284054',7);
insert into rating (rating, movie_id, user_id) values (5,'419430',7);
insert into rating (rating, movie_id, user_id) values (3,'391713',7);
insert into rating (rating, movie_id, user_id) values (5,'353081',7);
insert into rating (rating, movie_id, user_id) values (3,'118',7);


insert into rating (rating, movie_id, user_id) values (4,'11',8);
insert into rating (rating, movie_id, user_id) values (5,'181808',8);
insert into rating (rating, movie_id, user_id) values (5,'181812',8);
insert into rating (rating, movie_id, user_id) values (3,'1893',8);
insert into rating (rating, movie_id, user_id) values (5,'1894',8);
insert into rating (rating, movie_id, user_id) values (5,'1895',8);
insert into rating (rating, movie_id, user_id) values (4,'330459',8);
insert into rating (rating, movie_id, user_id) values (5,'299534',8);
insert into rating (rating, movie_id, user_id) values (5,'299536',8);
insert into rating (rating, movie_id, user_id) values (5,'99861',8);
insert into rating (rating, movie_id, user_id) values (5,'24428',8);
insert into rating (rating, movie_id, user_id) values (5,'1726',8);
insert into rating (rating, movie_id, user_id) values (4,'391713',8);
insert into rating (rating, movie_id, user_id) values (3,'419430',8);
insert into rating (rating, movie_id, user_id) values (4,'458723',8);
insert into rating (rating, movie_id, user_id) values (2,'546554',8);
insert into rating (rating, movie_id, user_id) values (4,'284054',8);
insert into rating (rating, movie_id, user_id) values (5,'502033',8);
insert into rating (rating, movie_id, user_id) values (5,'615667',8);
insert into rating (rating, movie_id, user_id) values (1,'595671',8);
insert into rating (rating, movie_id, user_id) values (2,'570670',8);
insert into rating (rating, movie_id, user_id) values (4,'530915',8);

insert into rating (rating, movie_id, user_id) values (5,'1726',9);
insert into rating (rating, movie_id, user_id) values (3,'10138',9);
insert into rating (rating, movie_id, user_id) values (5,'68721',9);
insert into rating (rating, movie_id, user_id) values (4,'557',9);
insert into rating (rating, movie_id, user_id) values (3,'559',9);
insert into rating (rating, movie_id, user_id) values (5,'558',9);
insert into rating (rating, movie_id, user_id) values (5,'324857',9);
insert into rating (rating, movie_id, user_id) values (4,'9741',9);
insert into rating (rating, movie_id, user_id) values (4,'381288',9);
insert into rating (rating, movie_id, user_id) values (4,'450465',9);
insert into rating (rating, movie_id, user_id) values (4,'474350',9);
insert into rating (rating, movie_id, user_id) values (4,'346364',9);
insert into rating (rating, movie_id, user_id) values (4,'508442',9);
insert into rating (rating, movie_id, user_id) values (4,'301528',9);
insert into rating (rating, movie_id, user_id) values (4,'391713',9);
insert into rating (rating, movie_id, user_id) values (3,'353081',9);
insert into rating (rating, movie_id, user_id) values (3,'630',9);
insert into rating (rating, movie_id, user_id) values (4,'118',9);
insert into rating (rating, movie_id, user_id) values (4,'458723',9);


insert into rating (rating, movie_id, user_id) values (4,'11',10);
insert into rating (rating, movie_id, user_id) values (5,'181808',10);
insert into rating (rating, movie_id, user_id) values (5,'181812',10);
insert into rating (rating, movie_id, user_id) values (4,'1893',10);
insert into rating (rating, movie_id, user_id) values (5,'1894',10);
insert into rating (rating, movie_id, user_id) values (1,'1895',10);
insert into rating (rating, movie_id, user_id) values (4,'106646',10);
insert into rating (rating, movie_id, user_id) values (2,'398978',10);
insert into rating (rating, movie_id, user_id) values (3,'1771',10);
insert into rating (rating, movie_id, user_id) values (3,'1726',10);
insert into rating (rating, movie_id, user_id) values (3,'346364',10);
insert into rating (rating, movie_id, user_id) values (5,'474350',10);
insert into rating (rating, movie_id, user_id) values (4,'530915',10);
insert into rating (rating, movie_id, user_id) values (2,'615667',10);
insert into rating (rating, movie_id, user_id) values (4,'508442',10);
insert into rating (rating, movie_id, user_id) values (1,'556574',10);
insert into rating (rating, movie_id, user_id) values (3,'502033',10);
insert into rating (rating, movie_id, user_id) values (5,'496243',10);
insert into rating (rating, movie_id, user_id) values (5,'458723',10);
insert into rating (rating, movie_id, user_id) values (5,'419430',10);
insert into rating (rating, movie_id, user_id) values (3,'15',10);
insert into rating (rating, movie_id, user_id) values (2,'630',10);


insert into rating (rating, movie_id, user_id) values (5,'299534',11);
insert into rating (rating, movie_id, user_id) values (5,'299536',11);
insert into rating (rating, movie_id, user_id) values (5,'99861',11);
insert into rating (rating, movie_id, user_id) values (5,'24428',11);
insert into rating (rating, movie_id, user_id) values (5,'557',11);
insert into rating (rating, movie_id, user_id) values (5,'559',11);
insert into rating (rating, movie_id, user_id) values (5,'558',11);
insert into rating (rating, movie_id, user_id) values (5,'324857',11);
insert into rating (rating, movie_id, user_id) values (5,'9741',11);
insert into rating (rating, movie_id, user_id) values (5,'1726',11);
insert into rating (rating, movie_id, user_id) values (3,'570670',11);
insert into rating (rating, movie_id, user_id) values (2,'595671',11);
insert into rating (rating, movie_id, user_id) values (5,'581734',11);
insert into rating (rating, movie_id, user_id) values (5,'661914',11);
insert into rating (rating, movie_id, user_id) values (4,'284054',11);
insert into rating (rating, movie_id, user_id) values (3,'546554',11);
insert into rating (rating, movie_id, user_id) values (3,'118',11);
insert into rating (rating, movie_id, user_id) values (5,'353081',11);
insert into rating (rating, movie_id, user_id) values (4,'391713',11);
insert into rating (rating, movie_id, user_id) values (4,'419430',11);

insert into rating (rating, movie_id, user_id) values (4,'315635',12);
insert into rating (rating, movie_id, user_id) values (4,'429617',12);
insert into rating (rating, movie_id, user_id) values (4,'557',12);
insert into rating (rating, movie_id, user_id) values (4,'559',12);
insert into rating (rating, movie_id, user_id) values (4,'558',12);
insert into rating (rating, movie_id, user_id) values (4,'324857',12);
insert into rating (rating, movie_id, user_id) values (4,'9741',12);
insert into rating (rating, movie_id, user_id) values (4,'381288',12);
insert into rating (rating, movie_id, user_id) values (4,'450465',12);
insert into rating (rating, movie_id, user_id) values (5,'530915',12);
insert into rating (rating, movie_id, user_id) values (2,'595671',12);
insert into rating (rating, movie_id, user_id) values (1,'556574',12);
insert into rating (rating, movie_id, user_id) values (4,'284054',12);
insert into rating (rating, movie_id, user_id) values (4,'546554',12);
insert into rating (rating, movie_id, user_id) values (4,'458723',12);
insert into rating (rating, movie_id, user_id) values (3,'419430',12);
insert into rating (rating, movie_id, user_id) values (2,'15',12);
insert into rating (rating, movie_id, user_id) values (4,'118',12);
insert into rating (rating, movie_id, user_id) values (4,'630',12);


insert into rating (rating, movie_id, user_id) values (4,'11',13);
insert into rating (rating, movie_id, user_id) values (4,'181808',13);
insert into rating (rating, movie_id, user_id) values (4,'181812',13);
insert into rating (rating, movie_id, user_id) values (3,'1893',13);
insert into rating (rating, movie_id, user_id) values (4,'1894',13);
insert into rating (rating, movie_id, user_id) values (5,'1895',13);
insert into rating (rating, movie_id, user_id) values (4,'299534',13);
insert into rating (rating, movie_id, user_id) values (5,'299536',13);
insert into rating (rating, movie_id, user_id) values (4,'99861',13);
insert into rating (rating, movie_id, user_id) values (5,'24428',13);
insert into rating (rating, movie_id, user_id) values (5,'9741',13);
insert into rating (rating, movie_id, user_id) values (3,'615667',13);
insert into rating (rating, movie_id, user_id) values (4,'556574',13);
insert into rating (rating, movie_id, user_id) values (5,'496243',13);
insert into rating (rating, movie_id, user_id) values (3,'301528',13);
insert into rating (rating, movie_id, user_id) values (2,'630',13);
insert into rating (rating, movie_id, user_id) values (5,'353081',13);
insert into rating (rating, movie_id, user_id) values (4,'419430',13);
insert into rating (rating, movie_id, user_id) values (5,'458723',13);
insert into rating (rating, movie_id, user_id) values (2,'15',13);
insert into rating (rating, movie_id, user_id) values (5,'570670',13);


insert into rating (rating, movie_id, user_id) values (5,'106646',14);
insert into rating (rating, movie_id, user_id) values (5,'398978',14);
insert into rating (rating, movie_id, user_id) values (4,'769',14);
insert into rating (rating, movie_id, user_id) values (2,'9741',14);
insert into rating (rating, movie_id, user_id) values (4,'381288',14);
insert into rating (rating, movie_id, user_id) values (3,'346364',14);
insert into rating (rating, movie_id, user_id) values (2,'474350',14);
insert into rating (rating, movie_id, user_id) values (4,'530915',14);
insert into rating (rating, movie_id, user_id) values (3,'570670',14);
insert into rating (rating, movie_id, user_id) values (2,'615667',14);
insert into rating (rating, movie_id, user_id) values (4,'353081',14);
insert into rating (rating, movie_id, user_id) values (3,'630',14);
insert into rating (rating, movie_id, user_id) values (4,'118',14);
insert into rating (rating, movie_id, user_id) values (2,'556574',14);
insert into rating (rating, movie_id, user_id) values (3,'661914',14);
insert into rating (rating, movie_id, user_id) values (4,'458723',14);
insert into rating (rating, movie_id, user_id) values (4,'419430',14);


insert into rating (rating, movie_id, user_id) values (4,'1771',15);
insert into rating (rating, movie_id, user_id) values (4,'271110',15);
insert into rating (rating, movie_id, user_id) values (4,'100402',15);
insert into rating (rating, movie_id, user_id) values (4,'315635',15);
insert into rating (rating, movie_id, user_id) values (3,'429617',15);
insert into rating (rating, movie_id, user_id) values (4,'557',15);
insert into rating (rating, movie_id, user_id) values (5,'559',15);
insert into rating (rating, movie_id, user_id) values (5,'558',15);
insert into rating (rating, movie_id, user_id) values (5,'324857',15);
insert into rating (rating, movie_id, user_id) values (5,'24428',15);
insert into rating (rating, movie_id, user_id) values (4,'595671',15);
insert into rating (rating, movie_id, user_id) values (5,'508442',15);
insert into rating (rating, movie_id, user_id) values (3,'581734',15);
insert into rating (rating, movie_id, user_id) values (5,'284054',15);
insert into rating (rating, movie_id, user_id) values (5,'496243',15);
insert into rating (rating, movie_id, user_id) values (2,'546554',15);
insert into rating (rating, movie_id, user_id) values (5,'301528',15);
insert into rating (rating, movie_id, user_id) values (3,'391713',15);
insert into rating (rating, movie_id, user_id) values (2,'11',15);
insert into rating (rating, movie_id, user_id) values (4,'118',15);
