insert into movie (movie_id, img_path, rating, title) values  ('1', '0', 5, 'movie 1');
insert into movie (movie_id, img_path, rating, title) values  ('2', '0', 5, 'movie 2');
insert into movie (movie_id, img_path, rating, title) values  ('3', '0', 5, 'movie 3');
insert into movie (movie_id, img_path, rating, title) values  ('4', '0', 5, 'movie 4');
insert into movie (movie_id, img_path, rating, title) values  ('5', '0', 5, 'movie 5');
insert into movie (movie_id, img_path, rating, title) values  ('6', '0', 5, 'movie 6');
insert into movie (movie_id, img_path, rating, title) values  ('7', '0', 5, 'movie 7');
insert into movie (movie_id, img_path, rating, title) values  ('8', '0', 5, 'movie 8');
insert into movie (movie_id, img_path, rating, title) values  ('9', '0', 5, 'movie 9');
insert into movie (movie_id, img_path, rating, title) values  ('10', '0', 5, 'movie 10');
insert into movie (movie_id, img_path, rating, title) values  ('11', '0', 5, 'movie 11');
insert into movie (movie_id, img_path, rating, title) values  ('12', '0', 5, 'movie 12');
insert into movie (movie_id, img_path, rating, title) values  ('13', '0', 5, 'movie 13');
insert into movie (movie_id, img_path, rating, title) values  ('14', '0', 5, 'movie 14');
insert into movie (movie_id, img_path, rating, title) values  ('15', '0', 5, 'movie 15');

insert into users ( auth_type, email, enabled, name, password) values ('LOCAL', '1@com',true, 'name1', '$2y$12$LIVFSQuTmR4atGqLeobaf.UUfK/.XRMrE.rolBNujgUWQ3gj9vTYK');
insert into users ( auth_type, email, enabled, name, password) values ('LOCAL', '2@com',true, 'name2', '$2y$12$LIVFSQuTmR4atGqLeobaf.UUfK/.XRMrE.rolBNujgUWQ3gj9vTYK');
insert into users ( auth_type, email, enabled, name, password) values ('LOCAL', '3@com',true, 'name3', '$2y$12$LIVFSQuTmR4atGqLeobaf.UUfK/.XRMrE.rolBNujgUWQ3gj9vTYK');
insert into users ( auth_type, email, enabled, name, password) values ('LOCAL', '4@com',true, 'name4', '$2y$12$LIVFSQuTmR4atGqLeobaf.UUfK/.XRMrE.rolBNujgUWQ3gj9vTYK');
insert into users ( auth_type, email, enabled, name, password) values ('LOCAL', '5@com',true, 'name5', '$2y$12$LIVFSQuTmR4atGqLeobaf.UUfK/.XRMrE.rolBNujgUWQ3gj9vTYK');
insert into users ( auth_type, email, enabled, name, password) values ('LOCAL', '6@com',true, 'name6', '$2y$12$LIVFSQuTmR4atGqLeobaf.UUfK/.XRMrE.rolBNujgUWQ3gj9vTYK');
insert into users ( auth_type, email, enabled, name, password) values ('LOCAL', '7@com',true, 'name7', '$2y$12$LIVFSQuTmR4atGqLeobaf.UUfK/.XRMrE.rolBNujgUWQ3gj9vTYK');
insert into users ( auth_type, email, enabled, name, password) values ('LOCAL', '8@com',true, 'name8', '$2y$12$LIVFSQuTmR4atGqLeobaf.UUfK/.XRMrE.rolBNujgUWQ3gj9vTYK');
insert into users (auth_type, email, enabled, name, password) values ('LOCAL', '9@com',true, 'name9', '$2y$12$LIVFSQuTmR4atGqLeobaf.UUfK/.XRMrE.rolBNujgUWQ3gj9vTYK');
insert into users ( auth_type, email, enabled, name, password) values ('LOCAL', '10@com',true, 'name10', '$2y$12$LIVFSQuTmR4atGqLeobaf.UUfK/.XRMrE.rolBNujgUWQ3gj9vTYK');
insert into users ( auth_type, email, enabled, name, password) values ('LOCAL', '11@com',true, 'name11', '$2y$12$LIVFSQuTmR4atGqLeobaf.UUfK/.XRMrE.rolBNujgUWQ3gj9vTYK');
insert into users ( auth_type, email, enabled, name, password) values ('LOCAL', '12@com',true, 'name12', '$2y$12$LIVFSQuTmR4atGqLeobaf.UUfK/.XRMrE.rolBNujgUWQ3gj9vTYK');
insert into users ( auth_type, email, enabled, name, password) values ('LOCAL', '13@com',true, 'name13', '$2y$12$LIVFSQuTmR4atGqLeobaf.UUfK/.XRMrE.rolBNujgUWQ3gj9vTYK');
insert into users ( auth_type, email, enabled, name, password) values ('LOCAL', '14@com',true, 'name14', '$2y$12$LIVFSQuTmR4atGqLeobaf.UUfK/.XRMrE.rolBNujgUWQ3gj9vTYK');
insert into users ( auth_type, email, enabled, name, password) values ('LOCAL', '15@com',true, 'name15', '$2y$12$LIVFSQuTmR4atGqLeobaf.UUfK/.XRMrE.rolBNujgUWQ3gj9vTYK');

insert into rating (rating, movie_id, user_id) values (5,'2',1);
insert into rating (rating, movie_id, user_id) values (5,'3',1);
insert into rating (rating, movie_id, user_id) values (5,'4',1);
insert into rating (rating, movie_id, user_id) values (5,'6',1);
insert into rating (rating, movie_id, user_id) values (5,'7',1);
insert into rating (rating, movie_id, user_id) values (5,'8',1);
insert into rating (rating, movie_id, user_id) values (5,'9',1);
insert into rating (rating, movie_id, user_id) values (5,'10',1);
insert into rating (rating, movie_id, user_id) values (5,'11',1);
insert into rating (rating, movie_id, user_id) values (5,'12',1);
insert into rating (rating, movie_id, user_id) values (5,'13',1);
insert into rating (rating, movie_id, user_id) values (5,'14',1);

insert into rating (rating, movie_id, user_id) values (5,'2',2);
insert into rating (rating, movie_id, user_id) values (4,'2',2);
insert into rating (rating, movie_id, user_id) values (2,'3',2);
insert into rating (rating, movie_id, user_id) values (3,'4',2);
insert into rating (rating, movie_id, user_id) values (1,'5',2);
insert into rating (rating, movie_id, user_id) values (4,'6',2);
insert into rating (rating, movie_id, user_id) values (1,'7',2);
insert into rating (rating, movie_id, user_id) values (1,'9',2);
insert into rating (rating, movie_id, user_id) values (5,'10',2);
insert into rating (rating, movie_id, user_id) values (5,'11',2);
insert into rating (rating, movie_id, user_id) values (5,'12',2);
insert into rating (rating, movie_id, user_id) values (3,'13',2);
insert into rating (rating, movie_id, user_id) values (4,'14',2);
insert into rating (rating, movie_id, user_id) values (5,'15',2);

insert into rating (rating, movie_id, user_id) values (2,'3',3);
insert into rating (rating, movie_id, user_id) values (2,'3',3);
insert into rating (rating, movie_id, user_id) values (3,'3',3);
insert into rating (rating, movie_id, user_id) values (5,'4',3);
insert into rating (rating, movie_id, user_id) values (5,'5',3);
insert into rating (rating, movie_id, user_id) values (5,'6',3);
insert into rating (rating, movie_id, user_id) values (5,'7',3);
insert into rating (rating, movie_id, user_id) values (5,'8',3);
insert into rating (rating, movie_id, user_id) values (5,'9',3);
insert into rating (rating, movie_id, user_id) values (4,'10',3);
insert into rating (rating, movie_id, user_id) values (5,'11',3);
insert into rating (rating, movie_id, user_id) values (1,'12',3);
insert into rating (rating, movie_id, user_id) values (5,'13',3);
insert into rating (rating, movie_id, user_id) values (1,'14',3);
insert into rating (rating, movie_id, user_id) values (5,'15',3);

insert into rating (rating, movie_id, user_id) values (5,'3',4);
insert into rating (rating, movie_id, user_id) values (1,'3',4);
insert into rating (rating, movie_id, user_id) values (5,'3',4);
insert into rating (rating, movie_id, user_id) values (5,'4',4);
insert into rating (rating, movie_id, user_id) values (5,'5',4);
insert into rating (rating, movie_id, user_id) values (5,'6',4);
insert into rating (rating, movie_id, user_id) values (3,'7',4);
insert into rating (rating, movie_id, user_id) values (5,'8',4);
insert into rating (rating, movie_id, user_id) values (2,'9',4);
insert into rating (rating, movie_id, user_id) values (5,'10',4);
insert into rating (rating, movie_id, user_id) values (5,'11',4);
insert into rating (rating, movie_id, user_id) values (4,'12',4);
insert into rating (rating, movie_id, user_id) values (5,'13',4);
insert into rating (rating, movie_id, user_id) values (1,'14',4);
insert into rating (rating, movie_id, user_id) values (3,'15',4);

insert into rating (rating, movie_id, user_id) values (5,'3',5);
insert into rating (rating, movie_id, user_id) values (5,'3',5);
insert into rating (rating, movie_id, user_id) values (4,'3',5);
insert into rating (rating, movie_id, user_id) values (5,'4',5);
insert into rating (rating, movie_id, user_id) values (5,'5',5);
insert into rating (rating, movie_id, user_id) values (5,'6',5);
insert into rating (rating, movie_id, user_id) values (5,'7',5);
insert into rating (rating, movie_id, user_id) values (3,'8',5);
insert into rating (rating, movie_id, user_id) values (5,'9',5);
insert into rating (rating, movie_id, user_id) values (5,'10',5);
insert into rating (rating, movie_id, user_id) values (3,'11',5);
insert into rating (rating, movie_id, user_id) values (5,'12',5);
insert into rating (rating, movie_id, user_id) values (5,'13',5);
insert into rating (rating, movie_id, user_id) values (1,'14',5);
insert into rating (rating, movie_id, user_id) values (5,'15',5);

insert into rating (rating, movie_id, user_id) values (5,'3',6);
insert into rating (rating, movie_id, user_id) values (4,'3',6);
insert into rating (rating, movie_id, user_id) values (5,'3',6);
insert into rating (rating, movie_id, user_id) values (5,'4',6);
insert into rating (rating, movie_id, user_id) values (5,'5',6);
insert into rating (rating, movie_id, user_id) values (3,'6',6);
insert into rating (rating, movie_id, user_id) values (5,'7',6);
insert into rating (rating, movie_id, user_id) values (5,'8',6);
insert into rating (rating, movie_id, user_id) values (1,'9',6);
insert into rating (rating, movie_id, user_id) values (5,'10',6);
insert into rating (rating, movie_id, user_id) values (5,'13',6);

insert into rating (rating, movie_id, user_id) values (1,'3',7);
insert into rating (rating, movie_id, user_id) values (5,'4',7);
insert into rating (rating, movie_id, user_id) values (5,'5',7);
insert into rating (rating, movie_id, user_id) values (3,'6',7);
insert into rating (rating, movie_id, user_id) values (5,'7',7);
insert into rating (rating, movie_id, user_id) values (5,'8',7);
insert into rating (rating, movie_id, user_id) values (5,'9',7);
insert into rating (rating, movie_id, user_id) values (4,'10',7);
insert into rating (rating, movie_id, user_id) values (5,'11',7);
insert into rating (rating, movie_id, user_id) values (5,'12',7);
insert into rating (rating, movie_id, user_id) values (5,'13',7);
insert into rating (rating, movie_id, user_id) values (5,'14',7);
insert into rating (rating, movie_id, user_id) values (4,'15',7);

insert into rating (rating, movie_id, user_id) values (1,'3',8);
insert into rating (rating, movie_id, user_id) values (5,'3',8);
insert into rating (rating, movie_id, user_id) values (5,'3',8);
insert into rating (rating, movie_id, user_id) values (3,'4',8);
insert into rating (rating, movie_id, user_id) values (5,'5',8);
insert into rating (rating, movie_id, user_id) values (5,'6',8);
insert into rating (rating, movie_id, user_id) values (4,'7',8);
insert into rating (rating, movie_id, user_id) values (5,'8',8);
insert into rating (rating, movie_id, user_id) values (5,'10',8);
insert into rating (rating, movie_id, user_id) values (5,'12',8);
insert into rating (rating, movie_id, user_id) values (5,'13',8);
insert into rating (rating, movie_id, user_id) values (5,'14',8);

insert into rating (rating, movie_id, user_id) values (5,'3',9);
insert into rating (rating, movie_id, user_id) values (3,'3',9);
insert into rating (rating, movie_id, user_id) values (5,'4',9);
insert into rating (rating, movie_id, user_id) values (4,'5',9);
insert into rating (rating, movie_id, user_id) values (5,'6',9);
insert into rating (rating, movie_id, user_id) values (5,'7',9);
insert into rating (rating, movie_id, user_id) values (5,'8',9);
insert into rating (rating, movie_id, user_id) values (4,'9',9);
insert into rating (rating, movie_id, user_id) values (4,'10',9);
insert into rating (rating, movie_id, user_id) values (4,'11',9);
insert into rating (rating, movie_id, user_id) values (4,'12',9);
insert into rating (rating, movie_id, user_id) values (4,'13',9);
insert into rating (rating, movie_id, user_id) values (5,'14',9);
insert into rating (rating, movie_id, user_id) values (5,'15',9);

insert into rating (rating, movie_id, user_id) values (4,'3',10);
insert into rating (rating, movie_id, user_id) values (5,'3',10);
insert into rating (rating, movie_id, user_id) values (5,'3',10);
insert into rating (rating, movie_id, user_id) values (4,'4',10);
insert into rating (rating, movie_id, user_id) values (5,'5',10);
insert into rating (rating, movie_id, user_id) values (1,'6',10);
insert into rating (rating, movie_id, user_id) values (5,'7',10);
insert into rating (rating, movie_id, user_id) values (1,'8',10);
insert into rating (rating, movie_id, user_id) values (1,'9',10);
insert into rating (rating, movie_id, user_id) values (1,'10',10);
insert into rating (rating, movie_id, user_id) values (3,'11',10);
insert into rating (rating, movie_id, user_id) values (5,'14',10);
insert into rating (rating, movie_id, user_id) values (4,'15',10);

insert into rating (rating, movie_id, user_id) values (5,'3',11);
insert into rating (rating, movie_id, user_id) values (5,'3',11);
insert into rating (rating, movie_id, user_id) values (5,'3',11);
insert into rating (rating, movie_id, user_id) values (5,'4',11);
insert into rating (rating, movie_id, user_id) values (5,'5',11);
insert into rating (rating, movie_id, user_id) values (5,'6',11);
insert into rating (rating, movie_id, user_id) values (5,'7',11);
insert into rating (rating, movie_id, user_id) values (5,'8',11);
insert into rating (rating, movie_id, user_id) values (5,'9',11);
insert into rating (rating, movie_id, user_id) values (5,'10',11);
insert into rating (rating, movie_id, user_id) values (5,'11',11);
insert into rating (rating, movie_id, user_id) values (5,'12',11);
insert into rating (rating, movie_id, user_id) values (5,'13',11);
insert into rating (rating, movie_id, user_id) values (5,'14',11);
insert into rating (rating, movie_id, user_id) values (5,'15',11);

insert into rating (rating, movie_id, user_id) values (4,'3',12);
insert into rating (rating, movie_id, user_id) values (4,'3',12);
insert into rating (rating, movie_id, user_id) values (4,'3',12);
insert into rating (rating, movie_id, user_id) values (4,'4',12);
insert into rating (rating, movie_id, user_id) values (4,'5',12);
insert into rating (rating, movie_id, user_id) values (4,'6',12);
insert into rating (rating, movie_id, user_id) values (4,'7',12);
insert into rating (rating, movie_id, user_id) values (4,'8',12);
insert into rating (rating, movie_id, user_id) values (4,'9',12);
insert into rating (rating, movie_id, user_id) values (4,'10',12);
insert into rating (rating, movie_id, user_id) values (4,'11',12);
insert into rating (rating, movie_id, user_id) values (4,'12',12);
insert into rating (rating, movie_id, user_id) values (4,'13',12);
insert into rating (rating, movie_id, user_id) values (4,'14',12);
insert into rating (rating, movie_id, user_id) values (4,'15',12);

insert into rating (rating, movie_id, user_id) values (4,'3',13);
insert into rating (rating, movie_id, user_id) values (4,'3',13);
insert into rating (rating, movie_id, user_id) values (4,'3',13);
insert into rating (rating, movie_id, user_id) values (1,'4',13);
insert into rating (rating, movie_id, user_id) values (4,'5',13);
insert into rating (rating, movie_id, user_id) values (5,'6',13);
insert into rating (rating, movie_id, user_id) values (4,'7',13);
insert into rating (rating, movie_id, user_id) values (5,'8',13);
insert into rating (rating, movie_id, user_id) values (4,'9',13);
insert into rating (rating, movie_id, user_id) values (5,'10',13);
insert into rating (rating, movie_id, user_id) values (5,'11',13);
insert into rating (rating, movie_id, user_id) values (5,'12',13);
insert into rating (rating, movie_id, user_id) values (4,'13',13);
insert into rating (rating, movie_id, user_id) values (1,'14',13);
insert into rating (rating, movie_id, user_id) values (3,'15',13);

insert into rating (rating, movie_id, user_id) values (5,'3',14);
insert into rating (rating, movie_id, user_id) values (5,'4',14);
insert into rating (rating, movie_id, user_id) values (4,'5',14);
insert into rating (rating, movie_id, user_id) values (1,'6',14);
insert into rating (rating, movie_id, user_id) values (4,'7',14);
insert into rating (rating, movie_id, user_id) values (3,'8',14);
insert into rating (rating, movie_id, user_id) values (2,'9',14);
insert into rating (rating, movie_id, user_id) values (2,'10',14);
insert into rating (rating, movie_id, user_id) values (2,'11',14);
insert into rating (rating, movie_id, user_id) values (2,'12',14);
insert into rating (rating, movie_id, user_id) values (4,'14',14);
insert into rating (rating, movie_id, user_id) values (4,'15',14);

insert into rating (rating, movie_id, user_id) values (4,'3',15);
insert into rating (rating, movie_id, user_id) values (4,'3',15);
insert into rating (rating, movie_id, user_id) values (4,'3',15);
insert into rating (rating, movie_id, user_id) values (4,'4',15);
insert into rating (rating, movie_id, user_id) values (1,'5',15);
insert into rating (rating, movie_id, user_id) values (4,'6',15);
insert into rating (rating, movie_id, user_id) values (5,'7',15);
insert into rating (rating, movie_id, user_id) values (5,'8',15);
insert into rating (rating, movie_id, user_id) values (5,'9',15);
insert into rating (rating, movie_id, user_id) values (5,'10',15);
insert into rating (rating, movie_id, user_id) values (5,'11',15);
insert into rating (rating, movie_id, user_id) values (5,'12',15);
insert into rating (rating, movie_id, user_id) values (4,'13',15);
insert into rating (rating, movie_id, user_id) values (5,'14',15);
insert into rating (rating, movie_id, user_id) values (1,'15',15);